{"cameraMode":{"drawMode":0,"name":"Shaded","section":"Shading Mode"},"sceneLighting":true,"audioPlay":false,"sceneViewState":{"showFog":true,"showMaterialUpdate":false,"showSkybox":true,"showFlares":true,"showImageEffects":true,"showParticleSystems":true,"showVisualEffectGraphs":true,"m_FxEnabled":true},"in2DMode":false,"pivot":{"x":1.8408063650131226,"y":0.4940786361694336,"z":-0.341636061668396},"rotation":{"x":0.3006730079650879,"y":0.00143057678360492,"z":-0.0004510271828621626,"w":0.9537262320518494},"size":6.912935256958008,"orthographic":false}